bits,error
250,221.00333506064158
500,145.7458361446463
750,70.48833722865098
1000,-5.49382063253276
1250,-80.96531128781578
