bits,error
16000,66.99279452446105
16250,353.9179641283235
16500,278.6604652123282
16750,203.4029662963329
17000,128.44649737600156
17250,52.887968464342286
17500,-23.025642682654627
