bits,error
10000,4822.922504743531
11000,4893.11186476536
12000,4220.862513415568
13000,4291.051873437397
14000,3990.0218777734167
15000,3689.2929121050993
16000,2831.273667322001
17000,2715.7125350956626
18000,2785.9018951174917
19000,2484.8718994535107
20000,1998.3860248476465
21000,1883.2890293802677
22000,1025.394723333778
23000,1095.296037855703
24000,608.8035954434581
25000,678.9929554652873
26000,377.6619298056421
27000,0.0
28000,-224.32876093814662
