bits,error
50000,-0.0
50250,217.11350583147734
50500,-0.0
50750,66.59850799948674
51000,-9.369998754484453
