bits,error
79000,0.0
79250,27.958646151762967
79500,-47.76192550211501
