bits,error
250,848.6468080371241
500,709.2618247963778
750,634.0043258803825
1000,622.8743112891382
1250,515.5540206731968
1500,472.35931345714755
1750,397.10181454115224
2000,321.8443156251569
2250,246.58681670916164
2500,171.6303477888303
2750,64.009027177225
3000,0.0
3250,-55.12649845140261
