bits,error
63000,494.58965240101014
63250,419.63318348067884
63500,0.0
63750,0.0
64000,193.55965673702894
64250,118.30215782103365
64500,0.0
64750,-32.068550555019726
