bits,error
94500,174.88895745950754
94750,0.0
95000,0.0
95250,-50.835913164583026
