bits,error
37000,449.3301648962402
37250,374.0726659802449
37500,298.81516706424964
37750,223.55766814825432
38000,148.30016923225904
38250,0.0
38500,-1.9150507473748526
38750,-77.59111674642887
