Temperature,N_2,N_0
0.010025062656641603,65.17627294151578,-0.0
0.01,65.17705358564854,-0.0
0.00997506234413965,65.17783364952193,-0.0
