Temperature,N_2,N_0
0.010025062656641603,-20265.79725140681,-0.0
0.01,-20367.7531511746,-0.0
0.00997506234413965,-20469.962613702734,-0.0
