tau_mid,Energy_Thermodynamic,Energy_Hamiltonian
1.5,4834.013089098204,4918.985975430008
2.5,4682.2371175750595,4910.861976831654
3.5,4491.679722375775,4921.547508306268
4.5,4272.304721916269,4948.196679875679
5.5,4039.0142651775095,4993.546933315162
6.5,3803.9796848758415,5059.5901667977505
7.5,3575.6365568852634,5146.961215672733
