Temperature,N_2,N_0
0.18181818181818182,-33.5175559319038,0.29638616971717086
