Temperature,N_2,N_0
0.18181818181818182,34.22918594319797,0.29638616971717086
