bits,error
8000,593.3390290974846
9000,243.7728479663553
10000,-8.741985102827655
